{"data_time": 0.005154145997948945, "eta_seconds": 33821.415713539114, "iteration": 19, "loss_box_wh": 2.135708212852478, "loss_center_reg": 0.4589705765247345, "loss_cls": 59.62784767150879, "lr": 0.00039962, "time": 0.2684644169639796, "total_loss": 62.390601485967636}
{"data_time": 0.005289959022775292, "eta_seconds": 34782.7102742393, "iteration": 19, "loss_box_wh": 2.8640905618667603, "loss_center_reg": 0.6525245606899261, "loss_cls": 53.5055046081543, "lr": 0.00039962, "time": 0.2760948895011097, "total_loss": 56.49605202674866}
{"data_time": 0.005320864554960281, "eta_seconds": 33623.60611385177, "iteration": 39, "loss_box_wh": 2.0925257205963135, "loss_center_reg": 0.37955236434936523, "loss_cls": 4.5967419147491455, "lr": 0.0007992199999999999, "time": 0.26636698900256306, "total_loss": 7.563223674893379}
{"data_time": 0.005046528996899724, "eta_seconds": 33512.225622439466, "iteration": 59, "loss_box_wh": 2.6232577562332153, "loss_center_reg": 0.3146786242723465, "loss_cls": 4.8324666023254395, "lr": 0.00119882, "time": 0.26493145601125434, "total_loss": 7.671265125274658}
{"data_time": 0.004466312471777201, "eta_seconds": 33443.73779345886, "iteration": 79, "loss_box_wh": 2.244618058204651, "loss_center_reg": 0.26299259066581726, "loss_cls": 4.314672231674194, "lr": 0.0015984200000000001, "time": 0.26522996998392045, "total_loss": 6.999693185091019}
{"data_time": 0.0051440519746392965, "eta_seconds": 33492.03816039936, "iteration": 99, "loss_box_wh": 2.421450614929199, "loss_center_reg": 0.25520627200603485, "loss_cls": 4.25845193862915, "lr": 0.00199802, "time": 0.26659874455071986, "total_loss": 6.9058713018894196}
{"data_time": 0.005100277427118272, "eta_seconds": 33433.11407293775, "iteration": 119, "loss_box_wh": 2.1492949724197388, "loss_center_reg": 0.2510782480239868, "loss_cls": 4.136356830596924, "lr": 0.00239762, "time": 0.265175107459072, "total_loss": 6.491755701601505}
